id,title,description,category
1,Organic Green Tea Bags,"Relax with a soothing cup of organic green tea, rich in antioxidants and individually wrapped for freshness.",Beauty
2,Noise Cancelling Headphones,Block out the world and dive into your music with these over-ear noise-cancelling headphones with deep bass.,Health & Personal Care
3,Wireless Gaming Mouse,Enhance your gaming experience with this wireless gaming mouse featuring customizable DPI and RGB lighting.,Home & Kitchen
4,Wooden Cutting Board Set,Prepare meals effortlessly with this set of premium wooden cutting boards in various sizes.,Home & Kitchen
5,Smart LED Light Bulb,Control your home lighting with your voice or app using this smart LED light bulb compatible with Alexa and Google Assistant.,Pet Supplies
6,Portable Power Bank 10000mAh,Charge your devices on the go with this compact and powerful 10000mAh portable power bank featuring dual USB ports.,Home & Kitchen
7,Car Phone Mount Holder,Keep your phone secure while driving with this adjustable car phone mount holder for dashboard or windshield.,Books
8,Women's Casual Handbag,Carry your essentials in style with this women's casual handbag made of premium faux leather.,Pet Supplies
9,Wireless Bluetooth Earbuds,Enjoy high-quality sound and hands-free calling with these wireless Bluetooth earbuds. Perfect for workouts and daily use.,Books
10,Pet Hair Remover Roller,Easily remove pet hair from furniture and clothing with this reusable pet hair remover roller.,Books
11,Women's Casual Handbag,Carry your essentials in style with this women's casual handbag made of premium faux leather.,Books
12,Memory Foam Pillow,Sleep better with this contoured memory foam pillow that provides neck and spine support.,Home & Kitchen
13,Rechargeable Electric Toothbrush,Improve oral hygiene with this rechargeable electric toothbrush featuring multiple brushing modes and a smart timer.,Pet Supplies
14,Ergonomic Office Chair,Work comfortably with this ergonomic office chair that features lumbar support and adjustable height.,Health & Personal Care
15,Men's Running Shoes,Run with comfort and style wearing these lightweight and breathable men's running shoes.,Pet Supplies
16,Portable Power Bank 10000mAh,Charge your devices on the go with this compact and powerful 10000mAh portable power bank featuring dual USB ports.,Automotive
17,Car Phone Mount Holder,Keep your phone secure while driving with this adjustable car phone mount holder for dashboard or windshield.,Beauty
18,Car Phone Mount Holder,Keep your phone secure while driving with this adjustable car phone mount holder for dashboard or windshield.,Clothing
19,Wooden Cutting Board Set,Prepare meals effortlessly with this set of premium wooden cutting boards in various sizes.,Automotive
20,Digital Alarm Clock with FM Radio,Wake up on time with this modern digital alarm clock that includes FM radio and dual alarms.,Electronics
21,Ergonomic Office Chair,Work comfortably with this ergonomic office chair that features lumbar support and adjustable height.,Automotive
22,Rechargeable Electric Toothbrush,Improve oral hygiene with this rechargeable electric toothbrush featuring multiple brushing modes and a smart timer.,Electronics
23,Stainless Steel Water Bottle,"Keep your drinks hot or cold for hours with this BPA-free, stainless steel water bottle. Ideal for travel and gym.",Books
24,Pet Hair Remover Roller,Easily remove pet hair from furniture and clothing with this reusable pet hair remover roller.,Automotive
25,Memory Foam Pillow,Sleep better with this contoured memory foam pillow that provides neck and spine support.,Health & Personal Care
26,Men's Running Shoes,Run with comfort and style wearing these lightweight and breathable men's running shoes.,Home & Kitchen
27,Wireless Bluetooth Earbuds,Enjoy high-quality sound and hands-free calling with these wireless Bluetooth earbuds. Perfect for workouts and daily use.,Electronics
28,Non-stick Frying Pan,Cook healthier meals with this durable non-stick frying pan that's easy to clean and compatible with all stovetops.,Clothing
29,Wooden Cutting Board Set,Prepare meals effortlessly with this set of premium wooden cutting boards in various sizes.,Health & Personal Care
30,Baby Diaper Bag Backpack,Stay organized with this multifunctional baby diaper bag backpack with insulated pockets and USB charging port.,Toys & Games
31,Pet Hair Remover Roller,Easily remove pet hair from furniture and clothing with this reusable pet hair remover roller.,Books
32,Portable Power Bank 10000mAh,Charge your devices on the go with this compact and powerful 10000mAh portable power bank featuring dual USB ports.,Pet Supplies
33,Memory Foam Pillow,Sleep better with this contoured memory foam pillow that provides neck and spine support.,Home & Kitchen
34,Stainless Steel Water Bottle,"Keep your drinks hot or cold for hours with this BPA-free, stainless steel water bottle. Ideal for travel and gym.",Beauty
35,Memory Foam Pillow,Sleep better with this contoured memory foam pillow that provides neck and spine support.,Pet Supplies
36,Noise Cancelling Headphones,Block out the world and dive into your music with these over-ear noise-cancelling headphones with deep bass.,Clothing
37,Men's Running Shoes,Run with comfort and style wearing these lightweight and breathable men's running shoes.,Clothing
38,Men's Running Shoes,Run with comfort and style wearing these lightweight and breathable men's running shoes.,Clothing
39,Wireless Gaming Mouse,Enhance your gaming experience with this wireless gaming mouse featuring customizable DPI and RGB lighting.,Automotive
40,Digital Alarm Clock with FM Radio,Wake up on time with this modern digital alarm clock that includes FM radio and dual alarms.,Books
41,Pet Hair Remover Roller,Easily remove pet hair from furniture and clothing with this reusable pet hair remover roller.,Beauty
42,Stainless Steel Water Bottle,"Keep your drinks hot or cold for hours with this BPA-free, stainless steel water bottle. Ideal for travel and gym.",Automotive
43,Organic Green Tea Bags,"Relax with a soothing cup of organic green tea, rich in antioxidants and individually wrapped for freshness.",Health & Personal Care
44,Noise Cancelling Headphones,Block out the world and dive into your music with these over-ear noise-cancelling headphones with deep bass.,Home & Kitchen
45,Memory Foam Pillow,Sleep better with this contoured memory foam pillow that provides neck and spine support.,Sports & Outdoors
46,Wooden Cutting Board Set,Prepare meals effortlessly with this set of premium wooden cutting boards in various sizes.,Health & Personal Care
47,Men's Running Shoes,Run with comfort and style wearing these lightweight and breathable men's running shoes.,Toys & Games
48,Smart LED Light Bulb,Control your home lighting with your voice or app using this smart LED light bulb compatible with Alexa and Google Assistant.,Books
49,Noise Cancelling Headphones,Block out the world and dive into your music with these over-ear noise-cancelling headphones with deep bass.,Books
50,Wireless Gaming Mouse,Enhance your gaming experience with this wireless gaming mouse featuring customizable DPI and RGB lighting.,Electronics
51,Noise Cancelling Headphones,Block out the world and dive into your music with these over-ear noise-cancelling headphones with deep bass.,Electronics
52,Ergonomic Office Chair,Work comfortably with this ergonomic office chair that features lumbar support and adjustable height.,Home & Kitchen
53,Stainless Steel Water Bottle,"Keep your drinks hot or cold for hours with this BPA-free, stainless steel water bottle. Ideal for travel and gym.",Automotive
54,Organic Green Tea Bags,"Relax with a soothing cup of organic green tea, rich in antioxidants and individually wrapped for freshness.",Health & Personal Care
55,Baby Diaper Bag Backpack,Stay organized with this multifunctional baby diaper bag backpack with insulated pockets and USB charging port.,Electronics
56,Portable Power Bank 10000mAh,Charge your devices on the go with this compact and powerful 10000mAh portable power bank featuring dual USB ports.,Home & Kitchen
57,Memory Foam Pillow,Sleep better with this contoured memory foam pillow that provides neck and spine support.,Beauty
58,Wireless Bluetooth Earbuds,Enjoy high-quality sound and hands-free calling with these wireless Bluetooth earbuds. Perfect for workouts and daily use.,Pet Supplies
59,USB-C Fast Charging Cable,Quickly charge your devices with this durable USB-C fast charging cable compatible with most modern smartphones.,Sports & Outdoors
60,Digital Alarm Clock with FM Radio,Wake up on time with this modern digital alarm clock that includes FM radio and dual alarms.,Automotive
61,Memory Foam Pillow,Sleep better with this contoured memory foam pillow that provides neck and spine support.,Health & Personal Care
62,Rechargeable Electric Toothbrush,Improve oral hygiene with this rechargeable electric toothbrush featuring multiple brushing modes and a smart timer.,Beauty
63,Car Phone Mount Holder,Keep your phone secure while driving with this adjustable car phone mount holder for dashboard or windshield.,Clothing
64,Wooden Cutting Board Set,Prepare meals effortlessly with this set of premium wooden cutting boards in various sizes.,Beauty
65,Organic Green Tea Bags,"Relax with a soothing cup of organic green tea, rich in antioxidants and individually wrapped for freshness.",Electronics
66,Wooden Cutting Board Set,Prepare meals effortlessly with this set of premium wooden cutting boards in various sizes.,Sports & Outdoors
67,Memory Foam Pillow,Sleep better with this contoured memory foam pillow that provides neck and spine support.,Electronics
68,Smart LED Light Bulb,Control your home lighting with your voice or app using this smart LED light bulb compatible with Alexa and Google Assistant.,Pet Supplies
69,Noise Cancelling Headphones,Block out the world and dive into your music with these over-ear noise-cancelling headphones with deep bass.,Automotive
70,Non-stick Frying Pan,Cook healthier meals with this durable non-stick frying pan that's easy to clean and compatible with all stovetops.,Pet Supplies
71,Memory Foam Pillow,Sleep better with this contoured memory foam pillow that provides neck and spine support.,Health & Personal Care
72,Noise Cancelling Headphones,Block out the world and dive into your music with these over-ear noise-cancelling headphones with deep bass.,Automotive
73,Wooden Cutting Board Set,Prepare meals effortlessly with this set of premium wooden cutting boards in various sizes.,Home & Kitchen
74,Noise Cancelling Headphones,Block out the world and dive into your music with these over-ear noise-cancelling headphones with deep bass.,Automotive
75,Memory Foam Pillow,Sleep better with this contoured memory foam pillow that provides neck and spine support.,Books
76,Stainless Steel Water Bottle,"Keep your drinks hot or cold for hours with this BPA-free, stainless steel water bottle. Ideal for travel and gym.",Toys & Games
77,Ergonomic Office Chair,Work comfortably with this ergonomic office chair that features lumbar support and adjustable height.,Sports & Outdoors
78,Stainless Steel Water Bottle,"Keep your drinks hot or cold for hours with this BPA-free, stainless steel water bottle. Ideal for travel and gym.",Toys & Games
79,Organic Green Tea Bags,"Relax with a soothing cup of organic green tea, rich in antioxidants and individually wrapped for freshness.",Home & Kitchen
80,Women's Casual Handbag,Carry your essentials in style with this women's casual handbag made of premium faux leather.,Electronics
81,Organic Green Tea Bags,"Relax with a soothing cup of organic green tea, rich in antioxidants and individually wrapped for freshness.",Health & Personal Care
82,Men's Running Shoes,Run with comfort and style wearing these lightweight and breathable men's running shoes.,Beauty
83,USB-C Fast Charging Cable,Quickly charge your devices with this durable USB-C fast charging cable compatible with most modern smartphones.,Automotive
84,Wireless Bluetooth Earbuds,Enjoy high-quality sound and hands-free calling with these wireless Bluetooth earbuds. Perfect for workouts and daily use.,Home & Kitchen
85,Yoga Mat with Carrying Strap,Get the support and comfort you need during yoga sessions with this high-density mat and convenient carrying strap.,Automotive
86,Noise Cancelling Headphones,Block out the world and dive into your music with these over-ear noise-cancelling headphones with deep bass.,Books
87,Smart LED Light Bulb,Control your home lighting with your voice or app using this smart LED light bulb compatible with Alexa and Google Assistant.,Health & Personal Care
88,Stainless Steel Water Bottle,"Keep your drinks hot or cold for hours with this BPA-free, stainless steel water bottle. Ideal for travel and gym.",Health & Personal Care
89,Wooden Cutting Board Set,Prepare meals effortlessly with this set of premium wooden cutting boards in various sizes.,Pet Supplies
90,Pet Hair Remover Roller,Easily remove pet hair from furniture and clothing with this reusable pet hair remover roller.,Beauty
91,Rechargeable Electric Toothbrush,Improve oral hygiene with this rechargeable electric toothbrush featuring multiple brushing modes and a smart timer.,Beauty
92,Car Phone Mount Holder,Keep your phone secure while driving with this adjustable car phone mount holder for dashboard or windshield.,Electronics
93,Digital Alarm Clock with FM Radio,Wake up on time with this modern digital alarm clock that includes FM radio and dual alarms.,Electronics
94,Car Phone Mount Holder,Keep your phone secure while driving with this adjustable car phone mount holder for dashboard or windshield.,Clothing
95,USB-C Fast Charging Cable,Quickly charge your devices with this durable USB-C fast charging cable compatible with most modern smartphones.,Health & Personal Care
96,Digital Alarm Clock with FM Radio,Wake up on time with this modern digital alarm clock that includes FM radio and dual alarms.,Sports & Outdoors
97,Smart LED Light Bulb,Control your home lighting with your voice or app using this smart LED light bulb compatible with Alexa and Google Assistant.,Automotive
98,Organic Green Tea Bags,"Relax with a soothing cup of organic green tea, rich in antioxidants and individually wrapped for freshness.",Beauty
99,Pet Hair Remover Roller,Easily remove pet hair from furniture and clothing with this reusable pet hair remover roller.,Pet Supplies
100,Digital Alarm Clock with FM Radio,Wake up on time with this modern digital alarm clock that includes FM radio and dual alarms.,Clothing
101,Wireless Gaming Mouse,Enhance your gaming experience with this wireless gaming mouse featuring customizable DPI and RGB lighting.,Clothing
102,Digital Alarm Clock with FM Radio,Wake up on time with this modern digital alarm clock that includes FM radio and dual alarms.,Beauty
103,Non-stick Frying Pan,Cook healthier meals with this durable non-stick frying pan that's easy to clean and compatible with all stovetops.,Pet Supplies
104,Portable Power Bank 10000mAh,Charge your devices on the go with this compact and powerful 10000mAh portable power bank featuring dual USB ports.,Sports & Outdoors
105,Wireless Bluetooth Earbuds,Enjoy high-quality sound and hands-free calling with these wireless Bluetooth earbuds. Perfect for workouts and daily use.,Electronics
106,Ergonomic Office Chair,Work comfortably with this ergonomic office chair that features lumbar support and adjustable height.,Sports & Outdoors
107,Digital Alarm Clock with FM Radio,Wake up on time with this modern digital alarm clock that includes FM radio and dual alarms.,Electronics
108,Wireless Bluetooth Earbuds,Enjoy high-quality sound and hands-free calling with these wireless Bluetooth earbuds. Perfect for workouts and daily use.,Home & Kitchen
109,Baby Diaper Bag Backpack,Stay organized with this multifunctional baby diaper bag backpack with insulated pockets and USB charging port.,Sports & Outdoors
110,Portable Power Bank 10000mAh,Charge your devices on the go with this compact and powerful 10000mAh portable power bank featuring dual USB ports.,Beauty
111,Ergonomic Office Chair,Work comfortably with this ergonomic office chair that features lumbar support and adjustable height.,Clothing
112,Organic Green Tea Bags,"Relax with a soothing cup of organic green tea, rich in antioxidants and individually wrapped for freshness.",Clothing
113,Digital Alarm Clock with FM Radio,Wake up on time with this modern digital alarm clock that includes FM radio and dual alarms.,Automotive
114,Pet Hair Remover Roller,Easily remove pet hair from furniture and clothing with this reusable pet hair remover roller.,Clothing
115,Non-stick Frying Pan,Cook healthier meals with this durable non-stick frying pan that's easy to clean and compatible with all stovetops.,Health & Personal Care
116,Non-stick Frying Pan,Cook healthier meals with this durable non-stick frying pan that's easy to clean and compatible with all stovetops.,Health & Personal Care
117,Non-stick Frying Pan,Cook healthier meals with this durable non-stick frying pan that's easy to clean and compatible with all stovetops.,Sports & Outdoors
118,Organic Green Tea Bags,"Relax with a soothing cup of organic green tea, rich in antioxidants and individually wrapped for freshness.",Sports & Outdoors
119,Ergonomic Office Chair,Work comfortably with this ergonomic office chair that features lumbar support and adjustable height.,Health & Personal Care
120,Portable Power Bank 10000mAh,Charge your devices on the go with this compact and powerful 10000mAh portable power bank featuring dual USB ports.,Beauty
121,USB-C Fast Charging Cable,Quickly charge your devices with this durable USB-C fast charging cable compatible with most modern smartphones.,Automotive
122,Digital Alarm Clock with FM Radio,Wake up on time with this modern digital alarm clock that includes FM radio and dual alarms.,Beauty
123,Ergonomic Office Chair,Work comfortably with this ergonomic office chair that features lumbar support and adjustable height.,Home & Kitchen
124,Organic Green Tea Bags,"Relax with a soothing cup of organic green tea, rich in antioxidants and individually wrapped for freshness.",Health & Personal Care
125,Memory Foam Pillow,Sleep better with this contoured memory foam pillow that provides neck and spine support.,Automotive
126,Women's Casual Handbag,Carry your essentials in style with this women's casual handbag made of premium faux leather.,Electronics
127,Smart LED Light Bulb,Control your home lighting with your voice or app using this smart LED light bulb compatible with Alexa and Google Assistant.,Health & Personal Care
128,Non-stick Frying Pan,Cook healthier meals with this durable non-stick frying pan that's easy to clean and compatible with all stovetops.,Clothing
129,Memory Foam Pillow,Sleep better with this contoured memory foam pillow that provides neck and spine support.,Sports & Outdoors
130,Rechargeable Electric Toothbrush,Improve oral hygiene with this rechargeable electric toothbrush featuring multiple brushing modes and a smart timer.,Automotive
131,Non-stick Frying Pan,Cook healthier meals with this durable non-stick frying pan that's easy to clean and compatible with all stovetops.,Beauty
132,Yoga Mat with Carrying Strap,Get the support and comfort you need during yoga sessions with this high-density mat and convenient carrying strap.,Health & Personal Care
133,Portable Power Bank 10000mAh,Charge your devices on the go with this compact and powerful 10000mAh portable power bank featuring dual USB ports.,Toys & Games
134,Men's Running Shoes,Run with comfort and style wearing these lightweight and breathable men's running shoes.,Pet Supplies
135,Car Phone Mount Holder,Keep your phone secure while driving with this adjustable car phone mount holder for dashboard or windshield.,Books
136,Yoga Mat with Carrying Strap,Get the support and comfort you need during yoga sessions with this high-density mat and convenient carrying strap.,Beauty
137,Rechargeable Electric Toothbrush,Improve oral hygiene with this rechargeable electric toothbrush featuring multiple brushing modes and a smart timer.,Beauty
138,Wireless Bluetooth Earbuds,Enjoy high-quality sound and hands-free calling with these wireless Bluetooth earbuds. Perfect for workouts and daily use.,Toys & Games
139,Women's Casual Handbag,Carry your essentials in style with this women's casual handbag made of premium faux leather.,Beauty
140,Memory Foam Pillow,Sleep better with this contoured memory foam pillow that provides neck and spine support.,Toys & Games
141,Yoga Mat with Carrying Strap,Get the support and comfort you need during yoga sessions with this high-density mat and convenient carrying strap.,Pet Supplies
142,Women's Casual Handbag,Carry your essentials in style with this women's casual handbag made of premium faux leather.,Beauty
143,Women's Casual Handbag,Carry your essentials in style with this women's casual handbag made of premium faux leather.,Books
144,Rechargeable Electric Toothbrush,Improve oral hygiene with this rechargeable electric toothbrush featuring multiple brushing modes and a smart timer.,Toys & Games
145,Yoga Mat with Carrying Strap,Get the support and comfort you need during yoga sessions with this high-density mat and convenient carrying strap.,Beauty
146,Rechargeable Electric Toothbrush,Improve oral hygiene with this rechargeable electric toothbrush featuring multiple brushing modes and a smart timer.,Pet Supplies
147,USB-C Fast Charging Cable,Quickly charge your devices with this durable USB-C fast charging cable compatible with most modern smartphones.,Books
148,Baby Diaper Bag Backpack,Stay organized with this multifunctional baby diaper bag backpack with insulated pockets and USB charging port.,Pet Supplies
149,Ergonomic Office Chair,Work comfortably with this ergonomic office chair that features lumbar support and adjustable height.,Beauty
150,Memory Foam Pillow,Sleep better with this contoured memory foam pillow that provides neck and spine support.,Home & Kitchen
151,Portable Power Bank 10000mAh,Charge your devices on the go with this compact and powerful 10000mAh portable power bank featuring dual USB ports.,Clothing
152,Non-stick Frying Pan,Cook healthier meals with this durable non-stick frying pan that's easy to clean and compatible with all stovetops.,Pet Supplies
153,Ergonomic Office Chair,Work comfortably with this ergonomic office chair that features lumbar support and adjustable height.,Toys & Games
154,Wireless Bluetooth Earbuds,Enjoy high-quality sound and hands-free calling with these wireless Bluetooth earbuds. Perfect for workouts and daily use.,Clothing
155,Wooden Cutting Board Set,Prepare meals effortlessly with this set of premium wooden cutting boards in various sizes.,Health & Personal Care
156,Non-stick Frying Pan,Cook healthier meals with this durable non-stick frying pan that's easy to clean and compatible with all stovetops.,Pet Supplies
157,Baby Diaper Bag Backpack,Stay organized with this multifunctional baby diaper bag backpack with insulated pockets and USB charging port.,Electronics
158,Yoga Mat with Carrying Strap,Get the support and comfort you need during yoga sessions with this high-density mat and convenient carrying strap.,Toys & Games
159,Car Phone Mount Holder,Keep your phone secure while driving with this adjustable car phone mount holder for dashboard or windshield.,Pet Supplies
160,USB-C Fast Charging Cable,Quickly charge your devices with this durable USB-C fast charging cable compatible with most modern smartphones.,Health & Personal Care
161,Noise Cancelling Headphones,Block out the world and dive into your music with these over-ear noise-cancelling headphones with deep bass.,Sports & Outdoors
162,Non-stick Frying Pan,Cook healthier meals with this durable non-stick frying pan that's easy to clean and compatible with all stovetops.,Toys & Games
163,Memory Foam Pillow,Sleep better with this contoured memory foam pillow that provides neck and spine support.,Pet Supplies
164,Wireless Gaming Mouse,Enhance your gaming experience with this wireless gaming mouse featuring customizable DPI and RGB lighting.,Pet Supplies
165,USB-C Fast Charging Cable,Quickly charge your devices with this durable USB-C fast charging cable compatible with most modern smartphones.,Home & Kitchen
166,Ergonomic Office Chair,Work comfortably with this ergonomic office chair that features lumbar support and adjustable height.,Sports & Outdoors
167,Portable Power Bank 10000mAh,Charge your devices on the go with this compact and powerful 10000mAh portable power bank featuring dual USB ports.,Sports & Outdoors
168,Baby Diaper Bag Backpack,Stay organized with this multifunctional baby diaper bag backpack with insulated pockets and USB charging port.,Electronics
169,Portable Power Bank 10000mAh,Charge your devices on the go with this compact and powerful 10000mAh portable power bank featuring dual USB ports.,Home & Kitchen
170,Noise Cancelling Headphones,Block out the world and dive into your music with these over-ear noise-cancelling headphones with deep bass.,Automotive
171,Digital Alarm Clock with FM Radio,Wake up on time with this modern digital alarm clock that includes FM radio and dual alarms.,Sports & Outdoors
172,Rechargeable Electric Toothbrush,Improve oral hygiene with this rechargeable electric toothbrush featuring multiple brushing modes and a smart timer.,Toys & Games
173,Car Phone Mount Holder,Keep your phone secure while driving with this adjustable car phone mount holder for dashboard or windshield.,Beauty
174,Stainless Steel Water Bottle,"Keep your drinks hot or cold for hours with this BPA-free, stainless steel water bottle. Ideal for travel and gym.",Electronics
175,Rechargeable Electric Toothbrush,Improve oral hygiene with this rechargeable electric toothbrush featuring multiple brushing modes and a smart timer.,Beauty
176,Wireless Bluetooth Earbuds,Enjoy high-quality sound and hands-free calling with these wireless Bluetooth earbuds. Perfect for workouts and daily use.,Clothing
177,Men's Running Shoes,Run with comfort and style wearing these lightweight and breathable men's running shoes.,Home & Kitchen
178,Ergonomic Office Chair,Work comfortably with this ergonomic office chair that features lumbar support and adjustable height.,Clothing
179,Men's Running Shoes,Run with comfort and style wearing these lightweight and breathable men's running shoes.,Automotive
180,Car Phone Mount Holder,Keep your phone secure while driving with this adjustable car phone mount holder for dashboard or windshield.,Pet Supplies
181,Memory Foam Pillow,Sleep better with this contoured memory foam pillow that provides neck and spine support.,Beauty
182,Memory Foam Pillow,Sleep better with this contoured memory foam pillow that provides neck and spine support.,Toys & Games
183,Stainless Steel Water Bottle,"Keep your drinks hot or cold for hours with this BPA-free, stainless steel water bottle. Ideal for travel and gym.",Clothing
184,Pet Hair Remover Roller,Easily remove pet hair from furniture and clothing with this reusable pet hair remover roller.,Electronics
185,Non-stick Frying Pan,Cook healthier meals with this durable non-stick frying pan that's easy to clean and compatible with all stovetops.,Clothing
186,Noise Cancelling Headphones,Block out the world and dive into your music with these over-ear noise-cancelling headphones with deep bass.,Automotive
187,USB-C Fast Charging Cable,Quickly charge your devices with this durable USB-C fast charging cable compatible with most modern smartphones.,Pet Supplies
188,Wireless Gaming Mouse,Enhance your gaming experience with this wireless gaming mouse featuring customizable DPI and RGB lighting.,Home & Kitchen
189,Car Phone Mount Holder,Keep your phone secure while driving with this adjustable car phone mount holder for dashboard or windshield.,Toys & Games
190,Car Phone Mount Holder,Keep your phone secure while driving with this adjustable car phone mount holder for dashboard or windshield.,Health & Personal Care
191,Car Phone Mount Holder,Keep your phone secure while driving with this adjustable car phone mount holder for dashboard or windshield.,Sports & Outdoors
192,Noise Cancelling Headphones,Block out the world and dive into your music with these over-ear noise-cancelling headphones with deep bass.,Books
193,Baby Diaper Bag Backpack,Stay organized with this multifunctional baby diaper bag backpack with insulated pockets and USB charging port.,Health & Personal Care
194,Stainless Steel Water Bottle,"Keep your drinks hot or cold for hours with this BPA-free, stainless steel water bottle. Ideal for travel and gym.",Clothing
195,USB-C Fast Charging Cable,Quickly charge your devices with this durable USB-C fast charging cable compatible with most modern smartphones.,Automotive
196,Yoga Mat with Carrying Strap,Get the support and comfort you need during yoga sessions with this high-density mat and convenient carrying strap.,Home & Kitchen
197,Non-stick Frying Pan,Cook healthier meals with this durable non-stick frying pan that's easy to clean and compatible with all stovetops.,Electronics
198,Memory Foam Pillow,Sleep better with this contoured memory foam pillow that provides neck and spine support.,Health & Personal Care
199,Organic Green Tea Bags,"Relax with a soothing cup of organic green tea, rich in antioxidants and individually wrapped for freshness.",Beauty
200,Ergonomic Office Chair,Work comfortably with this ergonomic office chair that features lumbar support and adjustable height.,Clothing
